scholarship_id,scholarship_name,university_name,university_city,university_province,tier,degree_level,amount_cad,amount_type,renewable_years,eligibility_summary,citizenship_requirement,citizenship_restricted,application_type,application_details,deadline,min_academic_requirement,source_url,last_verified_date,needs_review,verification_notes
CA-CARLETON-001,Automatic Renewable Entrance Scholarships,Carleton University,Ottawa,Ontario,Tier 1,Undergraduate,"1,000 to 4,000 per year",Renewable entrance scholarship,4,First-time undergraduate students entering directly from secondary school with an admission average of at least 80%. International students are eligible.,"Open to international students, including Pakistani citizens",False,Automatic,Apply for admission and ensure all grades are received by the university's scholarship assessment date.,15-Jun annually for final scholarship assessment,80% minimum,https://carleton.ca/awards/awards/scholarships/entrance-scholarships/,2026-07-20,True,Eligibility and renewable structure are current on the official page. The award value follows Carleton's admission-average bands and should be rechecked when the 2027 value table is published.
CA-CARLETON-002,President's Welcome Award for International Students,Carleton University,Ottawa,Ontario,Tier 1,Undergraduate,"2,000 to 5,000",One-time entrance award,N/A,International students entering directly from secondary school who are assessed international tuition fees.,"Open to international students, including Pakistani citizens",False,Automatic,No separate scholarship application; selection is based on the admission record.,15-Jun annually for final assessment,Competitive; official page does not publish one fixed cutoff,https://carleton.ca/awards/awards/scholarships/entrance-scholarships/,2026-07-20,False,Verified against the official university or official scholarship-program page on 20-Jul-2026.
CA-CARLETON-003,Prestige Scholarships,Carleton University,Ottawa,Ontario,Tier 1,Undergraduate,"21,500 to 32,000 total",Renewable competitive scholarship,4,Outstanding students entering directly from secondary school with strong academics and significant extracurricular or community leadership. International applicants may apply.,"Open to international students, including Pakistani citizens",False,Application required,Submit the Prestige Scholarship application and one reference after applying for admission.,01-Mar-2026,90% minimum admission average,https://carleton.ca/awards/awards/scholarships/prestige/,2026-07-20,False,"Official examples include the Chancellor's Scholarship (CAD 32,000) and Richard Lewar Entrance Scholarship (CAD 21,500). The next-cycle deadline must be checked when published."
CA-CONCORDIA-001,Undergraduate Entrance Scholarships,Concordia University,Montréal,Quebec,Tier 1,Undergraduate,Varies by faculty and annual allocation,Entrance scholarship,Varies,"New full-time undergraduate admission candidates, including international secondary-school applicants, are assessed on academic performance. Fine Arts awards may also consider portfolio quality.","Open to international students, including Pakistani citizens",False,Automatic,No separate application for the general entrance scholarship program; selected students are notified.,Same as admission deadline,Competitive; no universal published cutoff,https://www.concordia.ca/students/financial/scholarships-funding.html,2026-07-20,True,Official Concordia information confirms automatic assessment but does not publish a universal value because amounts vary by faculty and year.
CA-CONCORDIA-002,International Tuition Award of Excellence,Concordia University,Montréal,Quebec,Tier 1,Doctoral,"Approx. 47,463 tuition-value over the degree",Tuition reduction award,Program duration,"Selected incoming international doctoral students. The award reduces tuition from the international rate to the Quebec domestic rate, subject to university nomination and continued eligibility.","Open to international students, including Pakistani citizens",False,Department or university nomination,Applicants are normally considered through the graduate admission and funding process; no public self-nomination route is stated.,Varies by graduate admission cycle,Outstanding doctoral admission profile,https://www.concordia.ca/gradstudies/funding/entrance-awards/international-tuition-award-of-excellence.html,2026-07-20,True,The official page publishes an approximate total tuition-value; the exact benefit changes with tuition rates and program length.
CA-CONCORDIA-003,Quebec Merit Scholarship for Foreign Students (PBEEE),Concordia University,Montréal,Quebec,Tier 1,"Master's, Doctoral, Postdoctoral and Short-term Research","20,000/year master's; 25,000/year doctoral; 35,000 postdoctoral; 3,000/month short stay",Government excellence scholarship,Up to 2 years master's; 3 years doctoral; 1 year postdoctoral,High-achieving international students and researchers nominated by Concordia for eligible research programs. Pakistani citizens may compete; Quebec and program rules apply.,"Open to international students, including Pakistani citizens",False,Institutional preselection required,Follow Concordia's internal PBEEE competition before the provincial submission.,Varies annually; internal deadline precedes Quebec deadline,Excellent academic and research record,https://www.concordia.ca/gradstudies/funding/external/pbeee.html,2026-07-20,False,Verified against the official university or official scholarship-program page on 20-Jul-2026.
CA-DAL-001,General Entrance Award Program,Dalhousie University,Halifax,Nova Scotia,Tier 1,Undergraduate,"550 to 80,000 total across participating awards",Scholarships and bursaries,Up to 4,"Students applying directly from secondary school for September entry, regardless of citizenship, can be considered for hundreds of entrance scholarships and bursaries through one application.","Open to international students, including Pakistani citizens",False,Application required,Complete Dalhousie's General Entrance Award Application after applying for admission.,15-Feb annually,Varies by the named award,https://www.dal.ca/admissions/money_matters/awards-financial-aid/scholarships/award_faqs.html,2026-07-20,True,"The official value range covers the full entrance-award program, not one single award. Manzil should display this as a scholarship pool and direct students to the official application."
CA-DAL-002,Dalhousie One-Year Master's Scholarship,Dalhousie University,Halifax,Nova Scotia,Tier 1,Research Master's,"20,000",One-year graduate scholarship,1,Canadian and international students entering or studying in eligible thesis-based master's programs.,"Open to international students, including Pakistani citizens",False,Graduate funding application,Apply through Dalhousie's harmonized graduate scholarship process where required.,Varies by annual graduate competition,Strong academic and research profile,https://www.dal.ca/faculty/gradstudies/finance-your-studies/scholarships-bursaries/international-scholarships.html,2026-07-20,False,Verified against the official university or official scholarship-program page on 20-Jul-2026.
CA-DAL-003,Dalhousie Research Excellence Scholarship,Dalhousie University,Halifax,Nova Scotia,Tier 1,Doctoral,"35,000 per year",Renewable doctoral scholarship,Up to 4,Outstanding Canadian or international students entering an eligible research doctoral program.,"Open to international students, including Pakistani citizens",False,Graduate funding application or nomination,Follow Faculty of Graduate Studies competition instructions and departmental deadlines.,Varies by annual competition,Excellent academic and research record,https://www.dal.ca/faculty/gradstudies/finance-your-studies/scholarships-bursaries/international-scholarships.html,2026-07-20,False,Verified against the official university or official scholarship-program page on 20-Jul-2026.
CA-MCGILL-001,One-Year Entrance Scholarship,McGill University,Montréal,Quebec,Tier 1,Undergraduate,"3,000",One-time entrance scholarship,N/A,First-time university students entering a full-time undergraduate degree. International students are eligible and selection is based primarily on academic achievement.,"Open to international students, including Pakistani citizens",False,Automatic,No separate scholarship application; assessed from the admission application.,Same as admission deadline,Outstanding academic record; no universal published cutoff,https://www.mcgill.ca/studentaid/scholarships-aid/future-undergrads/entrance-scholarships,2026-07-20,False,Verified against the official university or official scholarship-program page on 20-Jul-2026.
CA-MCGILL-002,Major Entrance Scholarships,McGill University,Montréal,Quebec,Tier 1,Undergraduate,"12,000 to 48,000 total",Renewable entrance scholarship,Up to 4,First-time full-time undergraduate students with exceptional academic achievement and significant leadership. International students may apply.,"Open to international students, including Pakistani citizens",False,Application required,Complete the major entrance scholarship application shortly after applying for admission and provide required references/documents.,15-Jan-2026 for applicants from schools outside Canada; supporting documents 21-Jan-2026,Exceptional academic and leadership profile,https://www.mcgill.ca/studentaid/scholarships-aid/future-undergrads/entrance-scholarships,2026-07-20,False,"Award levels are CAD 3,000 to CAD 12,000 per year, renewable up to four years. The next application cycle deadline must be checked."
CA-MCGILL-003,McCall MacBain Scholarship,McGill University,Montréal,Quebec,Tier 1,Master's and Eligible Professional Programs,Full tuition and fees plus living support,Fully funded graduate scholarship,Normal program duration,"Outstanding candidates applying to an eligible full-time McGill master's or professional program, with leadership, service and academic excellence. Applicants worldwide, including Pakistan, may apply.","Open to international students, including Pakistani citizens",False,Separate application required,Submit the McCall MacBain application before the McGill program application deadline; finalists complete interviews.,19-Aug-2026 for most international applicants for the 2027 cohort,"Strong academics, leadership, service and character",https://www.mcgill.ca/gradapplicants/funding/external/mccall-macbain-scholarship,2026-07-20,False,Verified against the official university or official scholarship-program page on 20-Jul-2026.
CA-MCMASTER-001,McMaster University Entrance Award,McMaster University,Hamilton,Ontario,Tier 1,Undergraduate,"1,000 to 3,000",One-time entrance award,N/A,"Incoming first-year students, including international/visa students, are assessed by faculty-specific admission-average bands.","Open to international students, including Pakistani citizens",False,Automatic,No separate award application; assessment is based on the final admission average and faculty.,Same as admission deadline,Faculty-specific competitive average,https://registrar.mcmaster.ca/entrance-awards/,2026-07-20,False,Verified against the official university or official scholarship-program page on 20-Jul-2026.
CA-MCMASTER-002,DeGroote International Scholars Awards,McMaster University,Hamilton,Ontario,Tier 1,Undergraduate Business,"Up to 85,000 total",Renewable faculty entrance award,4,International students entering full-time Level I at the DeGroote School of Business. Award tier depends on admission average.,"Open to international students, including Pakistani citizens",False,Automatic,No separate scholarship application; assessed from the admission record.,Same as admission deadline,Award bands include up to 95%+ for the highest tier,https://registrar.mcmaster.ca/understanding-your-award-letter-international/,2026-07-20,False,"Current international DeGroote tiers include CAD 15,000–25,000 in first year and CAD 5,000–20,000 in each of years 2–4, subject to renewal requirements."
CA-MCMASTER-003,"Engineering, Computer Science and Integrated Biomedical Engineering International Entrance Awards",McMaster University,Hamilton,Ontario,Tier 1,Undergraduate,"10,000",One-time faculty entrance award,N/A,"High-achieving international students entering eligible Engineering, Computer Science or Integrated Biomedical Engineering and Health Sciences programs.","Open to international students, including Pakistani citizens",False,Automatic,Assessment is based on admission to an eligible faculty/program and the international award rules.,Same as admission deadline,Competitive admission profile,https://registrar.mcmaster.ca/understanding-your-award-letter-international/,2026-07-20,False,Verified against the official university or official scholarship-program page on 20-Jul-2026.
CA-MUN-001,International Entrance Scholarship,Memorial University of Newfoundland,St. John's,Newfoundland and Labrador,Tier 1,Undergraduate,"Up to 6,000",One-time entrance scholarship,N/A,"International undergraduate students paying full international tuition, registering in at least 9 credit hours in each of two semesters in the first academic year, and normally holding fewer than 31 transfer credits.","Open to international students, including Pakistani citizens",False,Automatic,"No separate application; eligible admitted students are considered, but an award is not guaranteed.",Same as admission deadline,Competitive admission record,https://www.mun.ca/scholarships/entrance-scholarships/international-students/,2026-07-20,False,Verified against the official university or official scholarship-program page on 20-Jul-2026.
CA-MUN-002,Graduate Funding Packages,Memorial University of Newfoundland,St. John's,Newfoundland and Labrador,Tier 1,Research Master's and Doctoral,Varies by program and supervisor,Funding package,Varies,"Qualified international students admitted to eligible research-intensive graduate programs may receive fellowships, assistantships and supervisor-funded support.","Open to international students, including Pakistani citizens",False,Program assessment,Funding consideration normally occurs during the graduate admission process; applicants should confirm funding with the academic unit.,Varies by program,Strong academic and research profile,https://www.mun.ca/become/graduate/tuition-fees-and-funding/graduate-funding--scholarships/,2026-07-20,True,Funding is not uniform across all programs. The official admission/funding offer is the controlling source for amount and duration.
CA-MUN-003,School of Graduate Studies Awards and Scholarships,Memorial University of Newfoundland,St. John's,Newfoundland and Labrador,Tier 1,Graduate,Varies by named award,Scholarships and fellowships,Varies,International graduate students may apply for or be nominated to internal and external awards where the individual award permits.,"Open to international students, including Pakistani citizens",False,Mixed: application or nomination,"Search the official SGS award database and verify citizenship, program and deadline for each named award.",Varies by award,Varies by award,https://www.mun.ca/sgs/current-students/searchable-awards-and-scholarship-database/,2026-07-20,True,Official searchable database; award-specific data changes frequently and should be refreshed by Manzil before each intake.
CA-QUEENS-001,International Admission Awards,Queen's University,Kingston,Ontario,Tier 1,Undergraduate,Varies by award and faculty,Entrance awards,Varies,High-achieving international students entering first-year undergraduate study may be considered for university-wide and faculty-specific admission awards.,"Open to international students, including Pakistani citizens",False,Mixed: automatic or application required,Review Queen's admission-award pages and the offer letter; some awards require a separate application.,Varies by award,Competitive admission average,https://www.queensu.ca/registrar/financial-aid/application-required/future-students,2026-07-20,True,"Award names, values and international eligibility vary by faculty and annual donor allocation."
CA-QUEENS-002,Major Admission Awards,Queen's University,Kingston,Ontario,Tier 1,Undergraduate,Varies by named award; renewable awards available,Competitive entrance scholarship,Up to 4,"Students with superior academics, leadership and community involvement. International eligibility depends on the specific major award.","Open to international students, including Pakistani citizens",False,Application required,Submit the Major Admission Award application by the published deadline and verify that the selected award is open to international applicants.,Varies annually; usually before February,Outstanding academic and leadership profile,https://www.queensu.ca/registrar/financial-aid/application-required/future-students/major-awards,2026-07-20,True,The official page contains multiple named awards. Manzil should filter out any award that explicitly requires Canadian citizenship or permanent residence.
CA-QUEENS-003,Ontario Graduate Scholarship for International Students,Queen's University,Kingston,Ontario,Tier 1,Master's and Doctoral,"10,000 or 15,000",Graduate scholarship,2 or 3 academic terms,A limited number of OGS awards are available to full-time international graduate students holding a valid Canadian study permit at Queen's.,"Open to international students, including Pakistani citizens",False,Application required,Apply through Queen's graduate OGS competition and meet the department's internal deadline.,Varies annually by department,"A- or equivalent in each of the last two completed years, subject to current rules",https://www.queensu.ca/grad-postdoc/graduate-studies/funding/funding-international-students,2026-07-20,False,Verified against the official university or official scholarship-program page on 20-Jul-2026.
CA-SFU-001,Undergraduate Scholars Entrance Scholarship (USES),Simon Fraser University,Burnaby,British Columbia,Tier 1,Undergraduate,Varies by scholarship; renewable,Major entrance scholarship,Up to 4,Exceptional domestic and international secondary-school applicants with academic excellence and strong community contributions.,"Open to international students, including Pakistani citizens",False,Application required,Apply for admission and submit the USES scholarship application and supporting documents.,15-Dec annually; supporting documents typically due 31-Jan,Excellent academic record and demonstrated community engagement,https://www.sfu.ca/students/financial-aid/entrance/highschool/uses.html,2026-07-20,True,The official program includes multiple award levels; exact values and number of awards are published by intake.
CA-SFU-002,Open Scholarship,Simon Fraser University,Burnaby,British Columbia,Tier 1,Undergraduate,Approx. 70 to 100 per enrolled unit,In-course scholarship,Each eligible term,"High-performing continuing undergraduate students, including international students, who meet SFU's cumulative GPA and credit requirements.","Open to international students, including Pakistani citizens",False,Automatic,No separate application; eligibility is assessed after the required number of SFU units.,Assessed each eligible term,Current official CGPA and credit thresholds apply,https://www.sfu.ca/students/financial-aid/undergraduate/open-scholarship.html,2026-07-20,False,Verified against the official university or official scholarship-program page on 20-Jul-2026.
CA-SFU-003,International Undergraduate Scholarships and Awards,Simon Fraser University,Burnaby,British Columbia,Tier 1,Undergraduate,Varies by named award,Scholarships and awards,Varies,International undergraduate students may apply for or be automatically considered for SFU awards that do not restrict citizenship.,"Open to international students, including Pakistani citizens",False,Mixed: automatic or application required,Use SFU's international financial-aid page and award system for current opportunities.,Varies by term and award,Varies by award,https://www.sfu.ca/students/financial-aid/international.html,2026-07-20,True,Official international funding hub. Award-specific amounts and deadlines should be refreshed each term.
CA-TMU-001,President's Entrance Scholarship,Toronto Metropolitan University,Toronto,Ontario,Tier 1,Undergraduate,"40,000 total",Renewable entrance scholarship,4,"Outstanding students entering first-year full-time undergraduate study with high academics, leadership and extracurricular achievement. International students may apply.","Open to international students, including Pakistani citizens",False,Application required,"Apply for admission and submit the scholarship application, essay and references through the official awards process.",17-Feb-2026,Normally 90%+ final admission average,https://www.torontomu.ca/admissions/scholarships-awards/,2026-07-20,False,"Current published structure is CAD 10,000 per year for four years, subject to renewal conditions. Check the next-cycle deadline."
CA-TMU-002,International Student Leadership Award,Toronto Metropolitan University,Toronto,Ontario,Tier 1,Undergraduate,"10,000",One-time entrance award,N/A,"First-time, full-time international undergraduate students with strong academic achievement and demonstrated leadership.","Open to international students, including Pakistani citizens",False,Application required,Submit the award application and personal statement through the official TMU awards portal.,14-Sep-2026 for Winter 2027 intake,86% minimum,https://www.torontomu.ca/admissions/scholarships-awards/,2026-07-20,False,Verified against the official university or official scholarship-program page on 20-Jul-2026.
CA-TMU-003,Terence Grier Entrance Scholarship,Toronto Metropolitan University,Toronto,Ontario,Tier 1,Undergraduate,Full first-year tuition,One-time entrance scholarship,N/A,"An exceptional student entering first-year full-time undergraduate study who demonstrates academic excellence, leadership and community contribution; international students may apply.","Open to international students, including Pakistani citizens",False,Application required,Complete the dedicated award application after applying for admission.,Varies annually,85% minimum plus outstanding leadership profile,https://www.torontomu.ca/admissions/scholarships-awards/,2026-07-20,True,"The benefit is defined as first-year tuition, so the exact CAD value depends on the student's program and fee schedule."
CA-UALBERTA-001,International Admission Scholarship,University of Alberta,Edmonton,Alberta,Tier 1,Undergraduate,"Up to 5,000",One-time entrance scholarship,N/A,International students entering an undergraduate degree directly from secondary school; award is based on admission average.,"Open to international students, including Pakistani citizens",False,Automatic,No separate scholarship application; assessed after admission.,Same as admission deadline,Competitive admission average,https://www.ualberta.ca/en/admissions/tuition-and-scholarships/international-entrance-scholarships/index.html,2026-07-20,False,Verified against the official university or official scholarship-program page on 20-Jul-2026.
CA-UALBERTA-002,President's International Distinction Scholarship,University of Alberta,Edmonton,Alberta,Tier 1,Undergraduate,"Up to 120,000 total",Renewable major entrance scholarship,4,"International students entering first-year undergraduate study on a study permit who demonstrate superior academics, leadership and community involvement.","Open to international students, including Pakistani citizens",False,Application required,Submit the University of Alberta application-based scholarship form after applying for admission.,10-Jan annually for scholarship application,Exceptional academic and leadership profile,https://www.ualberta.ca/en/admissions/tuition-and-scholarships/international-entrance-scholarships/index.html,2026-07-20,True,"The award is commonly published as up to CAD 120,000 over four years; confirm the value and deadline on the intake-specific official page."
CA-UALBERTA-003,Graduate Entrance Scholarship for International Students,University of Alberta,Edmonton,Alberta,Tier 1,Master's and Doctoral,"Includes an additional 10,000 international tuition supplement; total package varies",Graduate entrance scholarship,Varies,Outstanding students newly admitted to eligible thesis-based master's or doctoral programs. International nominees receive an international tuition supplement.,"Open to international students, including Pakistani citizens",False,Department nomination,The admitting department nominates eligible students; applicants should discuss funding with the program.,Varies by department and intake,Outstanding graduate admission record,https://www.ualberta.ca/en/graduate-studies/fees-funding/scholarships-awards/entrance-scholarship.html,2026-07-20,True,"The official page confirms the CAD 10,000 international supplement; the base award and duration depend on the current competition."
CA-UBC-001,International Major Entrance Scholarship (IMES),University of British Columbia,Vancouver,British Columbia,Tier 1,Undergraduate,"10,000 to 25,000 per year",Renewable entrance scholarship,Up to 4,Exceptional international students entering UBC directly from secondary school with strong academics and extracurricular achievement.,"Open to international students, including Pakistani citizens",False,Automatic,Apply to UBC by the admission deadline; no separate IMES application.,Same as UBC admission deadline,Exceptional admission and extracurricular profile,https://you.ubc.ca/financial-planning/scholarships-awards-international-students/,2026-07-20,False,Verified against the official university or official scholarship-program page on 20-Jul-2026.
CA-UBC-002,Outstanding International Student Award,University of British Columbia,Vancouver,British Columbia,Tier 1,Undergraduate,"10,000 to 25,000",One-time entrance award,N/A,Academically strong international students entering UBC who demonstrate involvement beyond the classroom.,"Open to international students, including Pakistani citizens",False,Automatic,No separate scholarship application; assessed from the admission application.,Same as UBC admission deadline,Strong academic and extracurricular profile,https://you.ubc.ca/financial-planning/scholarships-awards-international-students/,2026-07-20,True,The official page publishes an annual value range; recheck the 2027–28 range when released.
CA-UBC-003,International Scholars Program,University of British Columbia,Vancouver,British Columbia,Tier 1,Undergraduate,Up to full demonstrated financial need,Need-and-merit based scholarship,Up to 4,"International students with exceptional academic achievement, leadership and significant financial need who are nominated by their school or approved organization.","Open to international students, including Pakistani citizens",False,Nomination and separate application required,"Obtain a school/organization nomination, complete the International Scholars application and apply to UBC.",2027 cycle opens Sep-2026; exact nomination and application deadlines to be published,Exceptional academics and leadership plus demonstrated financial need,https://you.ubc.ca/financial-planning/scholarships-awards-international-students/international-scholars/,2026-07-20,True,Funding is need-based and can cover the assessed gap up to full educational costs; exact award value is individualized.
CA-UCALGARY-001,University of Calgary International Entrance Scholarship,University of Calgary,Calgary,Alberta,Tier 1,Undergraduate,"20,000 per year",Renewable entrance scholarship,4,International students entering first-year undergraduate study who satisfy the English-language requirement and demonstrate strong academic achievement.,"Open to international students, including Pakistani citizens",False,Application required,Apply for admission and submit the High School Prestige Awards application in MyUCalgary.,01-Dec annually,Competitive; renewal normally requires 2.60 GPA and 24 units,https://www.ucalgary.ca/registrar/awards/university-calgary-international-entrance-scholarship,2026-07-20,False,Two awards are normally offered. Renewal terms and annual value should be verified against the official award page for the student's intake.
CA-UCALGARY-002,High School Prestige Awards Open to International Students,University of Calgary,Calgary,Alberta,Tier 1,Undergraduate,Varies by named award,Major entrance scholarships,Varies,Outstanding international secondary-school applicants may compete for Prestige Awards that do not impose Canadian citizenship restrictions.,"Open to international students, including Pakistani citizens",False,Application required,Submit the High School Prestige Awards application and verify each named award's citizenship and program criteria.,01-Dec annually,Outstanding academic and leadership profile,https://www.ucalgary.ca/registrar/finances/awards-scholarships-and-bursaries/undergraduate-awards,2026-07-20,True,This is an official award pool. Manzil should display only the individual awards explicitly open to study-permit students.
CA-UCALGARY-003,Graduate Awards Competition and Program Funding,University of Calgary,Calgary,Alberta,Tier 1,Research Master's and Doctoral,Varies by award and program,"Scholarships, assistantships and funding packages",Varies,"International graduate students may be nominated for university, faculty and external awards and may receive program or supervisor funding.","Open to international students, including Pakistani citizens",False,"Mixed: application, nomination or admission assessment",Follow Faculty of Graduate Studies and department-specific funding instructions.,Varies by competition,Strong academic and research record,https://grad.ucalgary.ca/awards,2026-07-20,True,No universal award amount applies across all programs; funding must be confirmed in the official offer or award notice.
CA-GUELPH-001,President's International Entrance Scholarship,University of Guelph,Guelph,Ontario,Tier 1,Undergraduate,"2,000 to 7,500",One-time entrance scholarship,N/A,New international undergraduate students entering directly from secondary school; award value is based on the admission average.,"Open to international students, including Pakistani citizens",False,Automatic,Apply for admission and submit required documents by the scholarship assessment date.,01-Mar annually for required admission documents,Competitive admission average,https://www.uoguelph.ca/admission/undergraduate/international/funding/,2026-07-20,False,Verified against the official university or official scholarship-program page on 20-Jul-2026.
CA-GUELPH-002,University International Scholarship,University of Guelph,Guelph,Ontario,Tier 1,Undergraduate,"20,000 total",Renewable entrance scholarship,4,High-achieving international students entering an undergraduate degree. Renewal requires the official annual academic threshold.,"Open to international students, including Pakistani citizens",False,Automatic,No separate scholarship application; assessed from the admission file.,Same as admission deadline,Competitive; renewal normally requires 80%,https://www.uoguelph.ca/admission/undergraduate/international/funding/,2026-07-20,False,"Published structure: CAD 5,000 per year for four years."
CA-GUELPH-003,Dr. Franco J. Vaccarino President's Scholarship,University of Guelph,Guelph,Ontario,Tier 1,Undergraduate,"42,500 total",Renewable major entrance scholarship,4,"Exceptional students, including international applicants, with very high academics, leadership and community involvement.","Open to international students, including Pakistani citizens",False,Application required,Apply for admission and submit the separate scholarship application with supporting material.,23-Jan annually,Exceptional academic and leadership profile,https://www.uoguelph.ca/admission/undergraduate/international/funding/,2026-07-20,False,Verified against the official university or official scholarship-program page on 20-Jul-2026.
CA-MANITOBA-001,International Undergraduate Student Entrance Scholarship,University of Manitoba,Winnipeg,Manitoba,Tier 1,Undergraduate,"1,000 to 3,000",One-time entrance scholarship,N/A,International students graduating from an international secondary school and entering first-year full-time undergraduate study. Value is determined by final admission average.,"Open to international students, including Pakistani citizens",False,Automatic,Apply for admission by the published deadline; no separate scholarship application.,01-Mar annually,85% minimum; higher values at 90% and 95%,https://umanitoba.ca/financial-aid-and-awards/international,2026-07-20,True,"Published bands have historically been CAD 1,000 at 85%+, CAD 2,000 at 90%+ and CAD 3,000 at 95%+. Recheck the intake-specific official table."
CA-MANITOBA-002,International Undergraduate Student Scholarship,University of Manitoba,Winnipeg,Manitoba,Tier 1,Undergraduate,Varies by annual fund and academic standing,In-course scholarship,1 year; may be earned again,Continuing international undergraduate students with excellent academic performance and sufficient completed credit hours.,"Open to international students, including Pakistani citizens",False,Automatic or faculty assessment,Eligible students are assessed under the university's annual international scholarship rules.,Annual assessment,High sessional GPA and full-time course load under current rules,https://umanitoba.ca/financial-aid-and-awards/international,2026-07-20,True,Verified against the official university or official scholarship-program page on 20-Jul-2026.
CA-MANITOBA-003,University of Manitoba Graduate Fellowship (UMGF),University of Manitoba,Winnipeg,Manitoba,Tier 1,Research Master's and Doctoral,"20,000/year master's; 25,000/year doctoral",Graduate fellowship,Up to 2 years master's; up to 4 years doctoral,Highly qualified students in eligible research-based graduate programs. International students may be nominated.,"Open to international students, including Pakistani citizens",False,Department nomination,Contact the academic department; departments set internal nomination procedures and deadlines.,Varies by department,Minimum GPA under current UMGF rules; highly competitive,https://umanitoba.ca/graduate-studies/funding-awards/university-manitoba-graduate-fellowship-umgf,2026-07-20,False,Verified against the official university or official scholarship-program page on 20-Jul-2026.
CA-UOTTAWA-001,International English Admission Scholarship,University of Ottawa,Ottawa,Ontario,Tier 1,Undergraduate,"60,000 total",Renewable tuition scholarship,4,New international students admitted to an eligible full-time undergraduate program offered in English and paying international tuition.,"Open to international students, including Pakistani citizens",False,Automatic,No separate scholarship application; eligible students are assessed from the admission file.,Same as admission deadline,Eligible admission to an English-language program,https://www.uottawa.ca/study/fees-financial-support/international-english-scholarship,2026-07-20,False,"Published value is CAD 7,500 per term for up to eight terms, subject to continued eligibility."
CA-UOTTAWA-002,International Doctoral Scholarship,University of Ottawa,Ottawa,Ontario,Tier 1,Doctoral,"45,000 total",Tuition support scholarship,5,Eligible international students admitted full-time to a University of Ottawa doctoral program and assessed international tuition.,"Open to international students, including Pakistani citizens",False,Automatic with eligible admission,The scholarship is applied under the university's international doctoral tuition rules.,Same as doctoral admission cycle,Admission to an eligible full-time doctoral program,https://www.uottawa.ca/study/fees-financial-support/university-fees/tuition-international,2026-07-20,False,Verified against the official university or official scholarship-program page on 20-Jul-2026.
CA-UOTTAWA-003,Graduate Studies Scholarship,University of Ottawa,Ottawa,Ontario,Tier 1,Master's and Doctoral,"At least 15,000 per year",Graduate scholarship package,Varies,New full-time graduate students with a strong admission average; international applicants can be considered in eligible programs.,"Open to international students, including Pakistani citizens",False,Academic-unit nomination,The academic unit nominates eligible admitted students and provides the matching portion of the award.,Varies by program,Normally 8.0/10 admission average or higher,https://www.uottawa.ca/study/graduate-studies/funding-financing/awards/graduate-studies-scholarship,2026-07-20,False,Verified against the official university or official scholarship-program page on 20-Jul-2026.
CA-USASK-001,USask Entrance Scholarship,University of Saskatchewan,Saskatoon,Saskatchewan,Tier 1,Undergraduate,"5,000",One-time entrance scholarship,N/A,"New direct-entry undergraduate students, including international applicants, who meet the admission and scholarship criteria.","Open to international students, including Pakistani citizens",False,Automatic,Apply for admission by the university's entrance scholarship consideration deadline.,01-Dec annually for admission consideration,Competitive admission average,https://admissions.usask.ca/money/scholarships.php,2026-07-20,False,Verified against the official university or official scholarship-program page on 20-Jul-2026.
CA-USASK-002,Best and Brightest Entrance Scholarships,University of Saskatchewan,Saskatoon,Saskatchewan,Tier 1,Undergraduate,"24,000 to 40,000 total",Renewable major entrance scholarship,4,"Outstanding direct-entry students with superior academics, leadership and contribution. International students may apply to awards without citizenship restrictions.","Open to international students, including Pakistani citizens",False,Application required,Apply for admission by 1 December and submit the Best and Brightest application by the scholarship deadline.,15-Dec annually,Exceptional academic and leadership profile,https://admissions.usask.ca/money/scholarships.php,2026-07-20,False,"Official examples include President's First and Best (CAD 40,000), Chancellor's and USask Entrance Scholarships (CAD 30,000), Edwards (CAD 36,000) and Tollefson (CAD 24,000). Award-specific criteria apply."
CA-USASK-003,Graduate Scholarships and Funding,University of Saskatchewan,Saskatoon,Saskatchewan,Tier 1,Research Master's and Doctoral,Varies by award and funding package,"Scholarships, fellowships and assistantships",Varies,International graduate students may receive program funding and compete for institutional and external awards where eligible.,"Open to international students, including Pakistani citizens",False,"Mixed: admission assessment, nomination or application",Consult the graduate program and official scholarship database.,Varies by award,Strong academic and research record,https://grad.usask.ca/funding/scholarships.php,2026-07-20,True,Verified against the official university or official scholarship-program page on 20-Jul-2026.
CA-UTORONTO-001,Lester B. Pearson International Scholarship,University of Toronto,Toronto,Ontario,Tier 1,Undergraduate,"Full tuition, books, incidental fees and residence",Fully funded entrance scholarship,4,"Exceptional international secondary-school students with outstanding academic achievement, creativity and leadership who require their school to nominate them.","Open to international students, including Pakistani citizens",False,School nomination and application required,"Secure nomination from the student's current school, apply to U of T and complete the Pearson scholarship application.",Varies annually; school nomination precedes U of T admission and scholarship deadlines,Exceptional academic and leadership profile,https://future.utoronto.ca/pearson-scholarships,2026-07-20,True,Approximately 37 scholars are selected annually. Exact 2027 deadlines must be taken from the current official Pearson page.
CA-UTORONTO-002,International Admission Scholarships,University of Toronto,Toronto,Ontario,Tier 1,Undergraduate,Varies by admission division and award,Entrance scholarships,Varies,International applicants are automatically considered for many U of T admission awards; some faculties and colleges also offer application-based awards.,"Open to international students, including Pakistani citizens",False,Mixed: automatic or application required,"Review the admission division, college and faculty award pages after applying.",Varies by award and faculty,Competitive admission profile,https://future.utoronto.ca/finances/awards/international-students/,2026-07-20,True,U of T has a decentralized award system; exact amount and renewal terms depend on the admission division and named award.
CA-UTORONTO-003,Graduate Funding Packages,University of Toronto,Toronto,Ontario,Tier 1,Research Master's and Doctoral,Varies by graduate unit,Funding package,Varies,"International students admitted to many research-stream graduate programs may receive a package combining fellowships, assistantships and supervisor funding.","Open to international students, including Pakistani citizens",False,Program assessment,Funding is set by the graduate unit and should be confirmed in the official admission offer.,Same as graduate admission cycle,Admission to a funded research program and satisfactory progress,https://www.sgs.utoronto.ca/awards-funding/,2026-07-20,True,There is no single university-wide guaranteed amount for all graduate programs; department-level funding details control.
CA-UVIC-001,University of Victoria International Entrance Scholarship,University of Victoria,Victoria,British Columbia,Tier 1,Undergraduate,"At least 5,000; value varies",One-time or renewable entrance scholarship,Varies,Academically outstanding international students entering first-year undergraduate study directly from secondary school.,"Open to international students, including Pakistani citizens",False,Automatic,Apply for admission and submit all required documents by the scholarship consideration date.,Varies by intake,Outstanding admission average,https://www.uvic.ca/safa/scholarships/entrance-scholarships/university-victoria-international-entrance-scholarship.php,2026-07-20,True,The official page states a minimum value but award amounts and renewable status vary by annual allocation.
CA-UVIC-002,In-Course Scholarships for International Students,University of Victoria,Victoria,British Columbia,Tier 1,Undergraduate,Varies by named award,In-course scholarships,Varies,Continuing international undergraduates with strong UVic academic performance may qualify for awards that do not restrict citizenship.,"Open to international students, including Pakistani citizens",False,Mixed: automatic or application required,Use UVic's in-course scholarship application where required and verify individual award rules.,15-Feb to 30-Apr annually for many application-based awards,High UVic academic standing; award-specific conditions,https://www.uvic.ca/safa/scholarships/in-course-scholarships/index.php,2026-07-20,True,Verified against the official university or official scholarship-program page on 20-Jul-2026.
CA-UVIC-003,Graduate Awards and Fellowships,University of Victoria,Victoria,British Columbia,Tier 1,Master's and Doctoral,Varies by award and program,Scholarships and fellowships,Varies,"International graduate students may be considered for UVic fellowships, donor awards and program funding where eligible.","Open to international students, including Pakistani citizens",False,"Mixed: nomination, application or admission assessment",Consult Graduate Studies and the academic unit's funding instructions.,Varies by award,Strong academic and research profile,https://www.uvic.ca/graduate/finances/financial-aid/index.php,2026-07-20,True,Verified against the official university or official scholarship-program page on 20-Jul-2026.
CA-UWATERLOO-001,International Student Entrance Scholarship,University of Waterloo,Waterloo,Ontario,Tier 1,Undergraduate,"10,000",One-time entrance scholarship,N/A,"Eligible international students beginning first-year full-time undergraduate study in September 2026, excluding programs and applicant categories listed on the official page.","Open to international students, including Pakistani citizens",False,Automatic,No separate scholarship application; assessed from the admission file.,Same as admission deadline,Competitive admission profile,https://uwaterloo.ca/future-students/financing/international-scholarships,2026-07-20,False,"The official page confirms CAD 10,000 for eligible September 2026 entrants. Recheck future-intake values."
CA-UWATERLOO-002,Faculty International Entrance Scholarships,University of Waterloo,Waterloo,Ontario,Tier 1,Undergraduate,"Up to 80,000 total",Entrance scholarships,Varies,"High-achieving international applicants to eligible faculties, including Mathematics and Science. Some awards require contests or supplementary applications.","Open to international students, including Pakistani citizens",False,Mixed: automatic or application required,Review the faculty-specific scholarship table and complete any required contest or award form.,Varies by faculty and award,Exceptional academics; faculty-specific criteria,https://uwaterloo.ca/future-students/financing/scholarships,2026-07-20,True,"The official scholarship database includes awards up to CAD 80,000; exact faculty, value and application requirements vary."
CA-UWATERLOO-003,International Student Bursary,University of Waterloo,Waterloo,Ontario,Tier 1,Undergraduate,Varies by assessed financial need,Need-based bursary,1 academic year,International undergraduates who encounter demonstrated financial need and meet Waterloo's enrolment and academic requirements.,"Open to international students, including Pakistani citizens",False,Application required,Submit the international student bursary application and financial information by the term deadline.,Varies by term,Satisfactory academic standing and demonstrated financial need,https://uwaterloo.ca/the-centre/awards-and-financial-aid/student-bursaries,2026-07-20,True,Verified against the official university or official scholarship-program page on 20-Jul-2026.
CA-LAVAL-001,International Student Tuition-Exemption Scholarships,Université Laval,Québec City,Quebec,Tier 1,Undergraduate and Graduate,Partial or full international tuition differential; value varies,Tuition waiver,Varies,Selected international students admitted to eligible programs may receive an exemption from part or all of the international tuition differential.,"Open to international students, including Pakistani citizens",False,"Automatic, faculty nomination or application depending on program",Consult Université Laval's international funding and program pages for the relevant study cycle.,Varies by program and intake,Strong academic profile; program-specific criteria,https://www.ulaval.ca/espace-etudiant/bourses-et-aide-financiere/financement-pour-les-etudiantes-et-etudiants-de-linternational,2026-07-20,True,Verified against the official university or official scholarship-program page on 20-Jul-2026.
CA-LAVAL-002,Doctoral International Tuition Differential Exemption,Université Laval,Québec City,Quebec,Tier 1,Doctoral,International tuition reduced to the Quebec-rate structure; value varies,Tuition exemption,Program duration subject to rules,Eligible full-time international doctoral students meeting Université Laval's registration and program conditions.,"Open to international students, including Pakistani citizens",False,Automatic or program-administered,Verify eligibility in the doctoral admission and tuition information for the student's program.,Same as doctoral admission and registration cycle,Admission and full-time registration in an eligible PhD,https://www.ulaval.ca/experience-ulaval/planifiez-vos-etudes/cout-des-etudes-et-budget,2026-07-20,True,The financial value changes with annual tuition rates and the student's program.
CA-LAVAL-003,Quebec Merit Scholarship for Foreign Students (PBEEE),Université Laval,Québec City,Quebec,Tier 1,"Doctoral, Postdoctoral and Short-term Research","25,000/year doctoral; 35,000 postdoctoral; 3,000/month short stay",Government excellence scholarship,Up to 3 years doctoral; 1 year postdoctoral,Outstanding international candidates nominated by Université Laval for eligible research programs.,"Open to international students, including Pakistani citizens",False,Institutional preselection required,Apply through Université Laval's internal PBEEE competition before provincial submission.,Varies annually,Excellent academic and research record,https://www.ulaval.ca/espace-etudiant/bourses-et-aide-financiere/bourses-detudes/programme-de-bourses-dexcellence,2026-07-20,False,Verified against the official university or official scholarship-program page on 20-Jul-2026.
CA-UDEM-001,UdeM Exemption Scholarship for International Students,Université de Montréal,Montréal,Quebec,Tier 1,Undergraduate and Graduate,Partial international tuition exemption; value depends on study cycle and award level,Tuition waiver,Program duration subject to renewal,International students admitted to an eligible UdeM program who are assessed international tuition. Award level is based on academic excellence and program rules.,"Open to international students, including Pakistani citizens",False,Automatic consideration with admission in many programs,Apply for admission by the required date and meet the exemption scholarship conditions.,Same as eligible admission cycle,Strong academic record; level determined by UdeM,https://admission.umontreal.ca/en/scholarship-for-international-students/,2026-07-20,True,"UdeM publishes different exemption levels for undergraduate, master's and doctoral study. Values change with tuition schedules and should be refreshed annually."
CA-UDEM-002,Graduate Excellence Scholarships,Université de Montréal,Montréal,Quebec,Tier 1,Master's and Doctoral,Varies by competition,Graduate scholarship,Varies,"High-achieving graduate students, including international students where the individual competition permits, in eligible UdeM programs.","Open to international students, including Pakistani citizens",False,Application or program nomination,Use the official UdeM scholarship directory and graduate faculty instructions.,Varies annually,Excellent academic and research profile,https://bourses.umontreal.ca/repertoire-des-bourses/,2026-07-20,True,Verified against the official university or official scholarship-program page on 20-Jul-2026.
CA-UDEM-003,Quebec Merit Scholarship for Foreign Students (PBEEE),Université de Montréal,Montréal,Quebec,Tier 1,"Doctoral, Postdoctoral and Short-term Research","25,000/year doctoral; 35,000 postdoctoral; 3,000/month short stay",Government excellence scholarship,Up to 3 years doctoral; 1 year postdoctoral,Outstanding international candidates nominated by UdeM for eligible research programs.,"Open to international students, including Pakistani citizens",False,Institutional preselection required,Follow UdeM's internal PBEEE competition and faculty deadline before provincial submission.,Varies annually,Excellent academic and research record,https://bourses.umontreal.ca/repertoire-des-bourses/,2026-07-20,False,Verified against the official university or official scholarship-program page on 20-Jul-2026.
CA-SHERBROOKE-001,International Undergraduate Excellence and Success Scholarships,Université de Sherbrooke,Sherbrooke,Quebec,Tier 1,Undergraduate,"5,000 to 7,500",Admission or excellence scholarship,Varies,International students admitted to eligible undergraduate programs who demonstrate strong academic performance and satisfy program conditions.,"Open to international students, including Pakistani citizens",False,Automatic or application depending on award,Follow the international scholarships instructions for the student's faculty and intake.,Varies by intake,Strong academic record,https://www.usherbrooke.ca/international/fr/etudier-a-udes/bourses-admission-bourses-excellence,2026-07-20,False,Verified against the official university or official scholarship-program page on 20-Jul-2026.
CA-SHERBROOKE-002,International Course-Based Master's Scholarships,Université de Sherbrooke,Sherbrooke,Quebec,Tier 1,Course-based Master's,"5,000 to 12,500",Graduate scholarship,Varies,International students admitted to eligible professional or course-based master's programs.,"Open to international students, including Pakistani citizens",False,"Automatic, program nomination or application",Review the program and international funding page for the applicable scholarship route.,Varies by program and intake,Strong graduate admission profile,https://www.usherbrooke.ca/international/fr/etudier-a-udes/bourses-admission-bourses-excellence,2026-07-20,False,Verified against the official university or official scholarship-program page on 20-Jul-2026.
CA-SHERBROOKE-003,Research Excellence Funding,Université de Sherbrooke,Sherbrooke,Quebec,Tier 1,Research Master's and Doctoral,"Up to 105,000 total for major doctoral funding opportunities",Research scholarship and funding package,Varies,"Outstanding international research students in eligible programs, subject to supervisor, faculty and competition rules.","Open to international students, including Pakistani citizens",False,Application or nomination,Secure research supervision and apply to the relevant Université de Sherbrooke excellence competition.,Varies by competition,Excellent academic and research record,https://www.usherbrooke.ca/recherche/fr/etudier/pourquoi-choisir-udes/programmes-bourses/excellence,2026-07-20,True,"The official research-funding page includes multiple programs; CAD 105,000 is an upper total for major doctoral support, not a universal guarantee."
CA-UQAM-001,Quebec Merit Scholarship for Foreign Students (PBEEE),Université du Québec à Montréal (UQAM),Montréal,Quebec,Tier 1,Doctoral,"25,000 per year; up to 100,000 total",Government excellence scholarship,Up to 4 years,Outstanding international doctoral candidates selected through UQAM's internal PBEEE competition.,"Open to international students, including Pakistani citizens",False,Institutional preselection required,Submit the UQAM internal application before the provincial competition.,14-Jul-2026 internal deadline for the published cycle,Excellent academic and research record,https://bourses.uqam.ca/pbeee/,2026-07-20,False,Verified against the official university or official scholarship-program page on 20-Jul-2026.
CA-UQAM-002,International Tuition-Exemption Scholarships,Université du Québec à Montréal (UQAM),Montréal,Quebec,Tier 1,Undergraduate and Graduate,Partial or full international tuition differential; value varies,Tuition waiver,Varies,"Selected international students in eligible UQAM programs, subject to study-cycle, program and academic criteria.","Open to international students, including Pakistani citizens",False,"Automatic, faculty nomination or application",Review UQAM's cost and scholarship information and the student's program funding page.,Varies by program,Strong academic record; program-specific conditions,https://etudier.uqam.ca/cout-bourses,2026-07-20,True,Verified against the official university or official scholarship-program page on 20-Jul-2026.
CA-UQAM-003,UQAM Scholarship Directory — International-Eligible Awards,Université du Québec à Montréal (UQAM),Montréal,Quebec,Tier 1,Undergraduate and Graduate,Varies by named award,"Scholarships, bursaries and research funding",Varies,International students may apply for UQAM awards that do not require Canadian citizenship or permanent residence.,"Open to international students, including Pakistani citizens",False,Mixed: application or nomination,Search the official UQAM scholarship database and verify each award's citizenship and program rules.,Varies by award,Varies by award,https://bourses.uqam.ca/,2026-07-20,True,Verified against the official university or official scholarship-program page on 20-Jul-2026.
CA-WESTERN-001,Welcome to Canada Admission Scholarship,Western University,London,Ontario,Tier 1,Undergraduate,"10,000 plus guaranteed residence access",One-time entrance scholarship,N/A,"International students entering Western from outside Canada and beginning first-year undergraduate study, subject to current admission conditions.","Open to international students, including Pakistani citizens",False,Automatic,No separate scholarship application; assessed through admission.,Same as admission deadline,Competitive admission profile,https://welcome.uwo.ca/next-steps/finances/index.html,2026-07-20,False,Verified against the official university or official scholarship-program page on 20-Jul-2026.
CA-WESTERN-002,International President's Entrance Scholarship,Western University,London,Ontario,Tier 1,Undergraduate,"100,000 total",Renewable major entrance scholarship,4,"Exceptional international students with outstanding academics, creative and innovative thought, leadership and extracurricular achievement.","Open to international students, including Pakistani citizens",False,Application required,Apply for admission and submit the National Scholarship Program application with school nomination/supporting documents.,14-Feb-2026,Exceptional academic and leadership profile,https://registrar.uwo.ca/student_finances/scholarships_awards/admission/national_scholarship_program.html,2026-07-20,False,Three international President's awards are published. Check the next-cycle deadline and nomination process.
CA-WESTERN-003,Doctoral Funding Guarantee,Western University,London,Ontario,Tier 1,Doctoral,"At least 23,360 per year",Guaranteed funding package,4,"Eligible full-time doctoral students, including international students, beginning in September 2026, subject to program and satisfactory-progress conditions.","Open to international students, including Pakistani citizens",False,Automatic with funded doctoral admission,"Funding details are included in the official program offer and may combine scholarship, assistantship and tuition support.",Same as doctoral admission cycle,Admission to an eligible full-time doctoral program,https://grad.uwo.ca/finances/index.html,2026-07-20,False,Western's published minimum includes a living-support component and international tuition support; individual programs may offer more.
CA-YORK-001,York International Scholarship of Distinction,York University,Toronto,Ontario,Tier 1,Undergraduate,"37,500 total",Renewable entrance scholarship,4,New international undergraduate students entering directly from secondary school with a very high admission average.,"Open to international students, including Pakistani citizens",False,Automatic,No separate scholarship application; assessed from the admission record.,Same as admission deadline,90% minimum,https://futurestudents.yorku.ca/financing-your-degree/international-scholarships,2026-07-20,False,"Published structure: CAD 15,000 in year 1 and CAD 7,500 in each of years 2–4, subject to renewal."
CA-YORK-002,York International Merit Award,York University,Toronto,Ontario,Tier 1,Undergraduate,"25,000 total",Renewable entrance scholarship,4,New international undergraduate students entering directly from secondary school in the published admission-average range.,"Open to international students, including Pakistani citizens",False,Automatic,No separate scholarship application; assessed from the admission record.,Same as admission deadline,80% to 89.9%,https://futurestudents.yorku.ca/financing-your-degree/international-scholarships,2026-07-20,False,"Published structure: CAD 10,000 in year 1 and CAD 5,000 in each of years 2–4, subject to renewal."
CA-YORK-003,President's International Scholarship of Excellence,York University,Toronto,Ontario,Tier 1,Undergraduate,"180,000 total",Renewable major entrance scholarship,4,"Exceptional international secondary-school students with outstanding academics, volunteer service, extracurricular achievement and leadership.","Open to international students, including Pakistani citizens",False,Application required,"Apply to York, submit the international scholarship application and obtain the required school nomination.",26-Jan-2026 student deadline; 04-Feb-2026 nominee deadline,Exceptional academic and leadership profile,https://futurestudents.yorku.ca/financing-your-degree/international-scholarships,2026-07-20,False,"Published value is CAD 45,000 per year for four years. Check the next-cycle deadlines."
CA-BROCK-001,International Brock Scholars Award,Brock University,St. Catharines,Ontario,Tier 2,Undergraduate,"7,000 to 32,000 total",Renewable entrance scholarship,4,"New international students entering their first undergraduate degree directly from secondary school, with no previous post-secondary study. Award tier is determined by the final admission average.","Open to international students, including Pakistani citizens",False,Automatic,No separate scholarship application; eligible applicants are assessed from the admission file.,Same as admission deadline,"80% minimum; higher award bands begin at 85%, 90% and 95%",https://brocku.ca/safa/2026-international-students/,2026-07-20,False,"Official 2026 schedule: 80–84.9% = CAD 7,000 total; 85–89.9% = CAD 12,500; 90–94.9% = CAD 24,000; 95%+ = CAD 32,000. Renewal conditions apply."
CA-BROCK-002,Brock Future Leaders Scholarship,Brock University,St. Catharines,Ontario,Tier 2,Undergraduate,"10,000 total",Competitive entrance scholarship,Varies,"Incoming international undergraduate students with strong leadership, community involvement and academic achievement.","Open to international students, including Pakistani citizens",False,Application required,Submit the award application and supporting information through Brock's awards process.,Check current cycle on official page,Competitive; no single guaranteed cutoff,https://brocku.ca/safa/2026-international-students/,2026-07-20,False,Verified against the official university or official scholarship-program page on 20-Jul-2026.
CA-BROCK-003,International Curriculum Award,Brock University,St. Catharines,Ontario,Tier 2,Undergraduate,"3,000",One-time entrance award,N/A,International fee-paying students graduating from a secondary school outside Canada under an international curriculum; limited to the first eligible accepted students who complete the required deposit.,"Open to international students, including Pakistani citizens",False,Automatic,Admission and deposit requirements must be completed; limited-number award.,While awards remain available,Competitive admission to Brock,https://brocku.ca/safa/2026-international-students/,2026-07-20,False,Verified against the official university or official scholarship-program page on 20-Jul-2026.
CA-HEC-001,Admission and Excellence Scholarships,HEC Montréal,Montréal,Quebec,Tier 2,Undergraduate and Graduate,Varies by award,Scholarship,Varies,"New and continuing students, including international students where the individual award permits, are considered for admission, excellence, leadership and need-based awards.","Open to international students, including Pakistani citizens",False,Mixed: automatic or application required,Use HEC Montréal's official scholarship directory and filter each award by study cycle and international eligibility.,Varies by award,Varies; generally strong academic performance,https://www.hec.ca/en/students/funding-my-studies/scholarships/index.html,2026-07-20,True,"This is an official searchable award pool. Each named award has its own value, deadline and citizenship rules, so the source should be refreshed before each intake."
CA-HEC-002,HEC Montréal PhD Guaranteed Funding,HEC Montréal,Montréal,Quebec,Tier 2,Doctoral,"At least 120,000 total",Guaranteed funding package,4,"Students admitted to the HEC Montréal PhD program, including international students, receive a four-year funding package subject to satisfactory academic progress.","Open to international students, including Pakistani citizens",False,Automatic with eligible PhD admission,Funding is arranged through HEC Montréal after admission; consult the doctoral offer and funding conditions.,Same as PhD admission cycle,Admission to the PhD program,https://www.hec.ca/sites/default/files/2026-06/official-description-phd.pdf,2026-07-20,False,"Official 2026–27 PhD description states at least CAD 120,000 over four years, generally CAD 30,000 per year, plus a separate activity-related tuition exemption described by the school."
CA-HEC-003,Differential Tuition Fee Scholarships,HEC Montréal,Montréal,Quebec,Tier 2,Graduate,Partial or full international tuition differential; value varies,Tuition waiver,Varies,"Selected international graduate students in eligible HEC Montréal programs, based on academic excellence and program funding rules.","Open to international students, including Pakistani citizens",False,Program nomination or application,Check the official scholarship directory and the program's funding instructions.,Varies by program,Strong academic standing,https://www.hec.ca/en/students/funding-my-studies/scholarships/index.html,2026-07-20,True,"HEC Montréal lists differential-tuition support as a funding category, but exact values and available programs change by intake."
CA-POLYMTL-001,Polytechnique Scholarships and Financial-Aid Directory,Polytechnique Montréal,Montréal,Quebec,Tier 2,Undergraduate and Graduate,Varies by named award,"Scholarships, bursaries and research funding",Varies,"International students may access awards that do not impose Canadian citizenship or permanent-resident restrictions. Eligibility depends on study cycle, program and donor terms.","Open to international students, including Pakistani citizens",False,"Mixed: automatic, application or nomination",Use the official financial-aid portal and verify the eligibility page for each named award.,Varies by award,Varies by award,https://www.polymtl.ca/aide-financiere/,2026-07-20,True,Official institutional directory. Only awards explicitly open to international students should be surfaced to Pakistani users.
CA-POLYMTL-002,Quebec Merit Scholarship for Foreign Students (PBEEE),Polytechnique Montréal,Montréal,Quebec,Tier 2,"Doctoral, Postdoctoral and Short-term Research","25,000/year doctoral; 35,000 postdoctoral; 3,000/month short stay",Government excellence scholarship,Up to 3 years doctoral; 1 year postdoctoral,Outstanding international researchers nominated through Polytechnique Montréal for eligible research programs.,"Open to international students, including Pakistani citizens",False,Institutional preselection required,Follow Polytechnique Montréal's internal preselection before the Fonds de recherche du Québec submission.,Varies annually,Excellent academic and research record,https://www.polymtl.ca/aide-financiere/bourses,2026-07-20,False,Verified against the official university or official scholarship-program page on 20-Jul-2026.
CA-POLYMTL-003,Research Master's and Doctoral Funding,Polytechnique Montréal,Montréal,Quebec,Tier 2,Research Master's and Doctoral,"Varies by supervisor, department and competition",Research funding package,Varies,"International students admitted to research programs may receive supervisor funding, teaching/research assistantships and institutional or external scholarships.","Open to international students, including Pakistani citizens",False,Program assessment and/or application,Confirm the funding plan with the proposed supervisor and consult the official scholarship portal.,Varies by program and award,Research admission and satisfactory progress,https://www.polymtl.ca/futur/es/financer-ses-etudes,2026-07-20,True,No universal guaranteed amount applies across all Polytechnique research programs; the official offer and award terms control.
CA-TRU-001,International Athletic Scholarship,Thompson Rivers University,Kamloops,British Columbia,Tier 2,Undergraduate,Varies,Athletic scholarship,Varies,Outstanding international student-athletes recruited for eligible TRU varsity teams and admitted to an academic program.,"Open to international students, including Pakistani citizens",False,Coach/athletics assessment,Contact the relevant TRU varsity coach and complete admission and athletic eligibility requirements.,Varies by sport and intake,Academic admission plus varsity athletic standard,https://www.tru.ca/truworld/future-students/scholarships.html,2026-07-20,True,Official TRU international scholarship page confirms the opportunity; value is determined by Athletics and the annual award allocation.
CA-TRU-002,International Engineering Scholarship,Thompson Rivers University,Kamloops,British Columbia,Tier 2,Undergraduate Engineering Transfer,Varies,Program scholarship,Varies,"International students accepted to or enrolled in TRU's two-year Engineering Transfer program, subject to current academic and award criteria.","Open to international students, including Pakistani citizens",False,Application or program assessment,Follow the instructions on the official TRU World scholarship page.,Varies by intake,Strong academic performance in the Engineering Transfer pathway,https://www.tru.ca/truworld/future-students/scholarships.html,2026-07-20,True,Verified against the official university or official scholarship-program page on 20-Jul-2026.
CA-TRU-003,TRU Entrance Awards,Thompson Rivers University,Kamloops,British Columbia,Tier 2,Undergraduate,Varies by named award,Entrance scholarships and bursaries,Varies,"New students, including international applicants where the individual award permits, may compete for institutional and donor-funded entrance awards.","Open to international students, including Pakistani citizens",False,Application required for most awards,Complete the TRU Awards application and verify the citizenship rules of each selected award.,Varies annually,Varies by award,https://www.tru.ca/awards/awards/entrance.html,2026-07-20,True,Only awards without Canadian-only citizenship restrictions should be shown to Pakistani students.
CA-TRENT-001,International Renewable Entrance Scholarships,Trent University,Peterborough,Ontario,Tier 2,Undergraduate,"10,000 to 22,000 total",Renewable entrance scholarship,4,New international undergraduate students entering directly from secondary school. Award tier is based on the admission average.,"Open to international students, including Pakistani citizens",False,Automatic,No separate scholarship application; assessed from the admission application.,Same as admission deadline,80% minimum,https://www.trentu.ca/futurestudents/scholarships-tuition/international-scholarships-awards,2026-07-20,False,"Official bands: 80–84% CAD 2,500/year; 85–89% CAD 3,500/year; 90–94% CAD 4,500/year; 95–100% CAD 5,500/year."
CA-TRENT-002,Trent International Global Citizen Scholarships and Awards,Trent University,Peterborough,Ontario,Tier 2,Undergraduate,Partial to significant tuition support; varies by award,Renewable competitive scholarship,Up to 4,"International students with excellent academics, leadership, service and demonstrated financial need.","Open to international students, including Pakistani citizens",False,Application required,Apply for admission and submit Trent's international scholarship application and supporting documents.,Varies annually; check official page,"Strong academic record, leadership and financial need",https://www.trentu.ca/futurestudents/scholarships-tuition/international-scholarships-awards,2026-07-20,True,The official page groups several competitive international awards; exact values and award names are updated by intake.
CA-TRENT-003,Ontario Graduate Scholarship for International Students,Trent University,Peterborough,Ontario,Tier 2,Master's and Doctoral,"15,000 for three terms",Graduate scholarship,1 year,A limited number of awards are available to eligible international graduate students with a valid study permit and an excellent academic record.,"Open to international students, including Pakistani citizens",False,Application required,Apply through Trent Graduate Studies and follow the internal OGS deadline.,Varies annually,"A- or equivalent in each of the last two completed years, subject to current rules",https://www.trentu.ca/graduatestudies/funding-tuition/scholarships-awards/ogs,2026-07-20,False,Verified against the official university or official scholarship-program page on 20-Jul-2026.
CA-LETH-001,Alexander Barnhill Bursary for International Students,University of Lethbridge,Lethbridge,Alberta,Tier 2,Undergraduate and Graduate,"1,000",One-time bursary,N/A,Entering or continuing international students with demonstrated financial need who meet the award's enrolment and academic conditions.,"Open to international students, including Pakistani citizens",False,Application required,Apply through the University of Lethbridge awards system.,15-May-2027,Satisfactory academic standing and demonstrated financial need,https://www.ulethbridge.ca/graduate-studies/awards/alexander-barnhill-bursary-international-students,2026-07-20,False,Verified against the official university or official scholarship-program page on 20-Jul-2026.
CA-LETH-002,Entrance Awards and Scholarships,University of Lethbridge,Lethbridge,Alberta,Tier 2,Undergraduate,Varies by named award,Entrance scholarships and bursaries,Varies,"New students, including international applicants where the individual award permits, can apply through the university's general awards application.","Open to international students, including Pakistani citizens",False,Application required for most awards,Complete the undergraduate awards application and verify each award's citizenship criteria.,Varies by award,Varies by award,https://www.ulethbridge.ca/future-student/awards-and-scholarships,2026-07-20,True,The university reports that most awards are accessed through its general application; award-level values and restrictions must be checked.
CA-LETH-003,International Graduate Funding and Awards,University of Lethbridge,Lethbridge,Alberta,Tier 2,Graduate,Varies by program and award,Scholarships and assistantships,Varies,International graduate students may compete for internal awards and receive graduate assistantships or research funding in eligible programs.,"Open to international students, including Pakistani citizens",False,"Mixed: admission assessment, application or nomination",Review program funding at admission and apply through the graduate awards system.,Varies by program,Strong academic and research profile,https://www.ulethbridge.ca/future-student/graduate-studies/international-applicants,2026-07-20,True,Verified against the official university or official scholarship-program page on 20-Jul-2026.
CA-UNB-001,International Entrance Scholarships,University of New Brunswick,Fredericton,New Brunswick,Tier 2,Undergraduate,"500 to 40,000 total",Entrance scholarships,Up to 4,International students entering directly from secondary school are considered through UNB's entrance scholarship program.,"Open to international students, including Pakistani citizens",False,Application required,Apply for admission and complete UNB's entrance scholarship application.,01-Mar annually,Competitive admission average; named awards have additional criteria,https://www.unb.ca/moneymatters/scholarships/international.html,2026-07-20,False,Verified against the official university or official scholarship-program page on 20-Jul-2026.
CA-UNB-002,Lady Vi Aitken Scholarship,University of New Brunswick,Fredericton,New Brunswick,Tier 2,Undergraduate,"40,000 total",Renewable entrance scholarship,4,"An outstanding international student entering undergraduate study at UNB, selected through the international entrance scholarship competition.","Open to international students, including Pakistani citizens",False,Application required,Complete the UNB entrance scholarship application after applying for admission.,01-Mar annually,Exceptional academic achievement and broader contribution,https://www.unb.ca/moneymatters/scholarships/international.html,2026-07-20,False,Verified against the official university or official scholarship-program page on 20-Jul-2026.
CA-UNB-003,Graduate Scholarships and Awards,University of New Brunswick,Fredericton,New Brunswick,Tier 2,Master's and Doctoral,Varies by named award,Scholarships and fellowships,Varies,"International graduate students may be eligible for university, faculty and donor-funded awards where citizenship rules permit.","Open to international students, including Pakistani citizens",False,Application or nomination,Use UNB Graduate Studies' awards process and confirm eligibility with the department.,Varies by award; many competitions run Jan to Jun,Varies by award,https://www.unb.ca/gradstudies/current/financial/scholarships/index.html,2026-07-20,True,UNB maintains a large official award portfolio; exact amounts and deadlines are award-specific.
CA-UREGINA-001,International Student of Distinction Scholarship — Tier 1,University of Regina,Regina,Saskatchewan,Tier 2,Undergraduate,"Approx. 80,000 housing and meal value",Renewable non-cash scholarship,4,International students entering directly from secondary school with a very high admission average. Renewal requires the published credit load and university GPA.,"Open to international students, including Pakistani citizens",False,Automatic,No separate scholarship application; assessment occurs after admission.,Same as admission deadline,90% minimum admission average,https://www.uregina.ca/ur-international/scholarships.html,2026-07-20,True,Benefit is university residence and meal-plan support rather than a cash payment; the stated total is an estimated four-year value.
CA-UREGINA-002,International Student of Distinction Scholarship — Tier 2,University of Regina,Regina,Saskatchewan,Tier 2,Undergraduate,"Approx. 40,000 residence value",Renewable non-cash scholarship,4,International students entering directly from secondary school with an admission average in the published Tier 2 range.,"Open to international students, including Pakistani citizens",False,Automatic,No separate scholarship application; assessment occurs after admission.,Same as admission deadline,85% to 89.99%,https://www.uregina.ca/ur-international/scholarships.html,2026-07-20,True,Benefit is residence support rather than a cash payment; the stated total is an estimated four-year value.
CA-UREGINA-003,International Undergraduate Student Bursary,University of Regina,Regina,Saskatchewan,Tier 2,Undergraduate,"20,000 tuition credit total",Renewable tuition bursary,4,"New international undergraduates admitted from Winter 2026 onward who meet deposit, enrolment and continued-study conditions.","Open to international students, including Pakistani citizens",False,Automatic after conditions are met,Students must satisfy the required tuition deposit and complete the qualifying study period before credits begin.,Based on admission and deposit timing,Admission and continuing enrolment conditions,https://www.uregina.ca/ur-international/scholarships.html,2026-07-20,False,"Published structure is CAD 5,000 per year for up to four years, credited under the official bursary schedule."
CA-UWINDSOR-001,Open Entrance Scholarship,University of Windsor,Windsor,Ontario,Tier 2,Undergraduate,Varies by final admission average,Entrance scholarship,Varies,"New full-time undergraduate students, including international applicants, are assessed on their final admission average under the current entrance-award schedule.","Open to international students, including Pakistani citizens",False,Automatic,No separate application for the open entrance component; submit final grades by the required date.,Same as admission deadline and final-grade deadline,Competitive final admission average,https://www.uwindsor.ca/studentawards/entrance-scholarships,2026-07-20,True,Exact award bands and renewable terms change by intake and must be checked on the official entrance-scholarship schedule.
CA-UWINDSOR-002,Profiled Entrance Awards for International Students,University of Windsor,Windsor,Ontario,Tier 2,Undergraduate,Varies by named award,Entrance scholarships and bursaries,Varies,"International students entering directly from secondary school may apply for profiled awards that assess academics, leadership, community involvement or financial need.","Open to international students, including Pakistani citizens",False,Application required,Complete the UWinAward profile and apply to awards for which the citizenship and program criteria are satisfied.,01-Jan to 30-Apr-2026 for the published cycle,Varies by award,https://www.uwindsor.ca/studentawards/458/additional-entrance-awards,2026-07-20,True,Verified against the official university or official scholarship-program page on 20-Jul-2026.
CA-UWINDSOR-003,Graduate Scholarships and Assistantships,University of Windsor,Windsor,Ontario,Tier 2,Master's and Doctoral,Varies by program and award,"Scholarships, graduate assistantships and research funding",Varies,"International graduate students may receive entrance awards, graduate assistantships or supervisor-funded research support in eligible programs.","Open to international students, including Pakistani citizens",False,Program assessment or application,Confirm funding with the graduate program and use the official award system for additional competitions.,Varies by program,Strong academic and research profile,https://www.uwindsor.ca/graduate-studies/356/funding,2026-07-20,True,Verified against the official university or official scholarship-program page on 20-Jul-2026.
CA-UQAC-001,Quebec Merit Scholarship for Foreign Students (PBEEE),Université du Québec à Chicoutimi (UQAC),Saguenay,Quebec,Tier 2,"Doctoral, Postdoctoral and Short-term Research","25,000/year doctoral; 35,000 postdoctoral; 3,000/month short stay",Government excellence scholarship,Up to 3 years doctoral; 1 year postdoctoral,Outstanding international research candidates selected through UQAC's internal competition.,"Open to international students, including Pakistani citizens",False,Institutional preselection required,Submit to UQAC's internal PBEEE competition before the Fonds de recherche du Québec deadline.,Varies annually,Excellent academic and research record,https://www.uqac.ca/bourses/index.php/jobs/etudiants-etrangers-pbeee-du-mes-2026-2027/,2026-07-20,False,Verified against the official university or official scholarship-program page on 20-Jul-2026.
CA-UQAC-002,Fonds de recherche du Québec Graduate Scholarships,Université du Québec à Chicoutimi (UQAC),Saguenay,Quebec,Tier 2,Research Master's and Doctoral,"20,000 to 45,000 per year",Research scholarship,1 to 4 years depending on competition,"Research students who satisfy the relevant FRQ competition's academic, research-field, residency and international eligibility rules.","Open to international students, including Pakistani citizens",False,Application required,Apply to the appropriate FRQ competition and follow UQAC's internal endorsement process where required.,Varies by FRQ competition,Excellent academic and research record,https://www.uqac.ca/bourses/index.php/jobs/fonds-de-recherche-du-quebec-2026-2027/,2026-07-20,True,Not every FRQ competition is open to all international students. Pakistani applicants must verify the exact competition's status rules before applying.
CA-UQAC-003,UQAC Scholarships and Financial-Aid Opportunities,Université du Québec à Chicoutimi (UQAC),Saguenay,Quebec,Tier 2,Undergraduate and Graduate,Varies by named award,Scholarships and bursaries,Varies,International students may apply for UQAC institutional and donor awards that do not restrict citizenship.,"Open to international students, including Pakistani citizens",False,Mixed: application or nomination,Use UQAC's official scholarship database and verify the citizenship criteria of each award.,Varies by award,Varies by award,https://www.uqac.ca/bourses/,2026-07-20,True,The previous regional international tuition exemption was discontinued for new students from 2026–27 and is deliberately not represented as an available scholarship.
CA-ETS-001,Quebec Merit Scholarship for Foreign Students (PBEEE),École de Technologie Supérieure (ÉTS),Montréal,Quebec,Tier 2,"Research Master's, Doctoral, Postdoctoral and Short-term Research","20,000/year master's; 25,000/year doctoral; 35,000 postdoctoral; 3,000/month short stay",Government excellence scholarship,Varies by level,Outstanding international candidates in eligible ÉTS research programs who pass the institutional preselection.,"Open to international students, including Pakistani citizens",False,Institutional preselection required,Register for ÉTS's internal PBEEE competition and complete the provincial application if nominated.,04-May to 15-Jun-2026 for the published ÉTS cycle,Excellent academic and research record,https://www.etsmtl.ca/experience-etudiante/bourses-finance-et-budget/bourses/pbeee,2026-07-20,False,Verified against the official university or official scholarship-program page on 20-Jul-2026.
CA-ETS-002,ÉTS Excellence Scholarships,École de Technologie Supérieure (ÉTS),Montréal,Quebec,Tier 2,Research Master's and Doctoral,Varies by competition,Graduate excellence scholarship,Varies,High-achieving students in eligible research programs with a confirmed or prospective ÉTS research supervisor.,"Open to international students, including Pakistani citizens",False,Application required,Follow ÉTS's excellence scholarship competition and provide the required research and supervisor documentation.,Next cycle published by ÉTS; 2027–28 details pending,Excellent academic and research profile,https://www.etsmtl.ca/experience-etudiante/bourses-finance-et-budget/bourses/ets-excellence,2026-07-20,True,Verified against the official university or official scholarship-program page on 20-Jul-2026.
CA-ETS-003,ÉTS Scholarships and Financial-Aid Directory,École de Technologie Supérieure (ÉTS),Montréal,Quebec,Tier 2,Undergraduate and Graduate,Varies by named award,"Scholarships, bursaries and research funding",Varies,International students may apply for ÉTS awards that do not impose Canadian citizenship or permanent-resident restrictions.,"Open to international students, including Pakistani citizens",False,"Mixed: automatic, application or nomination",Use the official ÉTS scholarship directory and verify the citizenship and program criteria of each award.,Varies by award,Varies by award,https://www.etsmtl.ca/etudier-a-lets/bourses-finance-et-budget/bourses,2026-07-20,True,Official institutional award directory. Award-level values and deadlines must be refreshed before each intake.
